<?xml version="1.0" encoding="UTF-8" standalone="no" ?>
<SimscapeMultibodyImportXML version="2.0" xmlns="urn:mathworks:SimscapeMultibody:import" xmlns:xsi="http://www.w3.org/2001/XMLSchema-instance">
<Created by="" on="02/03/23||00:37:30" using="Simscape Multibody Link Version 7.0" from="SolidWorks 30.2.0"/>
<ModelUnits mass="kilogram" length="inch"/>
<DataUnits mass="kilogram" length="meter"/>
<RootAssembly name="socket" uid="socket" version="103">
<AssemblyFile name="socket.SLDASM" type="SolidWorks Assembly"/>
<InstanceTree>
<Instance name="Charging_Socket_CCS_Type2_V1-1" uid="Charging_Socket_CCS_Type2_V1-1" grounded="true" entityUid="Charging_Socket_CCS_Type2_V1*:*Default">
<Transform>
<Rotation>1 0 0 0 1 0 0 0 1</Rotation>
<Translation>0.044088494646944476 0.081015398556341989 0.15214815699873338</Translation>
</Transform>
</Instance>
</InstanceTree>
<Constraints>
</Constraints>
</RootAssembly>
<Assemblies>
</Assemblies>
<Parts>
<Part name="Charging_Socket_CCS_Type2_V1" uid="Charging_Socket_CCS_Type2_V1*:*Default" version="114">
<ModelUnits mass="kilogram" length="millimeter"/>
<PartFile name="Charging_Socket_CCS_Type2_V1.SLDPRT" type="SolidWorks Part"/>
<MassProperties>
<Mass>0.69931542211320374</Mass>
<CenterOfMass>-3.7946337903588139e-08 -0.0007341408241258768 -0.040184145022820604</CenterOfMass>
<Inertia>0.0013495655507597068 0.0010006925892078009 0.00086943152795165596 3.116786504316848e-05 4.4460058587505859e-11 -4.3690802534155413e-09</Inertia>
</MassProperties>
<GeometryFile name="Charging_Socket_CCS_Type2_V1_Default_sldprt.STEP" type="STEP"/>
<VisualProperties>
<Ambient r="0.792156862745098" g="0.81960784313725488" b="0.93333333333333335" a="1"/>
<Diffuse r="0.792156862745098" g="0.81960784313725488" b="0.93333333333333335" a="1"/>
<Specular r="0.396078431372549" g="0.40980392156862744" b="0.46666666666666667" a="1"/>
<Emissive r="0" g="0" b="0" a="1"/>
<Shininess>0.3125</Shininess>
</VisualProperties>
</Part>
</Parts>
</SimscapeMultibodyImportXML>
